Lofton, Cecile,Vacaville, CA,(990) 918-0162
Pringle, Muriel,Goodbys, FL,(864) 524-1246
Hansen, Ramonita,Gross, KS,(409) 212-1420
Thompson, Torie,Checks Corner, AR,(834) 964-4093
Derrick, Esther,Mud Hole, FL,(732) 849-4208
Dong, Melvina,Comfort, TN,(099) 716-3729
Razo, Winnie,Slicklizzard, AL,(615) 457-7010
Sanchez, Erwin,Happy Jack, LA,(089) 930-1829
Laws, Ivan,Boring, OR,(245) 625-1392
Trinidad, Allie,Gore, OK,(399) 526-6044
Nelson, Soraya,Temperance, MI,(888) 310-7483
Rawls, Kate,Greasy Corner, AR,(553) 138-3604
Redden, Noelia,Dirty Butter Creek, OK,(674) 931-7231
Shea, Tomiko,Vulcan, MI,(063) 073-4641
Mills, Charlesetta,Coupon, PA,(194) 466-8624
Orr, Michiko,Goat City, TN,(360) 540-9383
Hackney, Dallas,Bat Cave, NC,(728) 297-3706
Marr, Monica,White Castle, LA,(261) 959-3747
Fischer, Stephany,Slapout, OK,(712) 280-7350
Bronson, Lael,Quick, NE,(108) 809-7078
Neumann, Brock,Spot, TN,(719) 937-3892
Whiteside, Lissa,Dogtown, KY,(417) 888-4733
Truitt, Yetta,Yaak, MT,(954) 423-5364
Holt, Keith,Difficult, TN,(310) 870-5056
Yancey, Claudine,Overall, TN,(406) 950-6884
Gupta, Audra,Loco, LA,(946) 723-2439
Jablonski, Shemika,Papa, HI,(197) 857-9968
Close, Alden,Turkey Foot, FL,(688) 212-0178
Schaeffer, Adrian,Flintstone, MD,(915) 343-7297
Seal, Aline,Onancock, VA,(240) 261-8935
Stone, Genesis,Getaway, OH,(002) 667-2216
Ferris, Alise,Kiester, IA,(838) 978-3166
Stamper, Jana,Beaver, AK,(436) 893-6765
Vance, Rubi,Puseyville, PA,(234) 391-4662
Hutchison, Faustina,Chewey, OK,(502) 139-9664
Beatty, Marty,Gaylordsville, CT,(223) 756-8101
Hitchcock, Alberto,Christmas, FL,(722) 576-9562
Loya, Lemuel,Vixen, LA,(762) 047-3181
Goldberg, Nettie,Wic-A-Te-Wah, MI,(794) 315-3772
Keenan, Ezekiel,Bluff, UT,(009) 386-7187
House, Marian,Eek, AK,(149) 810-3027
Bechtel, Vera,Spooky Mountain, CO,(378) 257-3391
Crews, Renae,Indian Landing, ME,(774) 127-1790
Shaw, Hunter,Idahome, ID,(536) 268-6990
Burdick, Kristina,Shrewsbury, MA,(158) 125-0662
Hendrick, Akilah,Chili, NM,(983) 298-8770
Gilliland, Dewitt,Gay, MI,(158) 283-8248
Denney, Barbara,Nameless, TN,(089) 069-9975
Blanco, Isabel,Dickey, ND,(636) 408-1480
Hass, Maire,Pilot Oak, KY,(206) 389-4461
Loftis, Flossie,Shafter, CA,(569) 732-2314
Dennis, Seth,Idiot Creek, OR,(423) 550-2516
Hyatt, Kacey,Dummerston Center, VT,(319) 198-2670
Brannan, Latarsha,Defiance, MO,(691) 216-9791
Parr, Tim,Happyland, OK,(856) 611-6837
Loveless, Roberta,Redman, MI,(634) 962-4752
Barnes, Austin,Sawpit, CO,(297) 330-6560
Byrne, Eusebio,The City, CA,(962) 153-3060
Morin, Lorina,Tilicum Beach, OR,(664) 955-0837
Nix, Domonique,Rust, MI,(580) 062-3758
Horan, Rivka,Polish Mountain, WV,(904) 478-1125
Lindquist, Toney,Keno, OR,(686) 438-3001
Burton, Alaina,Bonus, MS,(486) 208-1052
Holbrook, Verona,Middlesex Beach, DE,(825) 113-9874
Slayton, Carylon,Loveland, CO,(008) 542-5192
Mulder, Maurita,Lickskillet, OH,(882) 892-4243
Moreland, Naomi,Allgood, AL,(454) 055-6053
Hammer, Sulema,Ogle, IL,(533) 609-9217
Hu, Carolann,Stony Bottom, WV,(979) 103-9567
Bostick, Mirtha,Bitter Springs, AZ,(083) 729-9178
Pugh, Valeri,Pigeon, MI,(910) 370-9346
Oconnell, Enola,Two Dot, MT,(392) 997-3181
Larkin, Jamal,Algood, TN,(064) 053-8272
Sands, Arlene,Frankenstein, MO,(729) 068-3931
Kaplan, Debi,Deadwood, OR,(389) 075-9217
Swope, Belle,Pea Ridge, AL,(106) 609-0582
Malloy, Annelle,Frazier's Bottom, WV,(614) 731-0240
Gunn, Damian,Needmore, PA,(391) 139-6389
Randle, Bao,Lick Skillet, VA,(152) 239-8199
Skelton, Lyman,Gaybourn, KY,(572) 636-5325
Clancy, Elois,Widen, WV,(200) 328-7073
Bridges, Ronna,Idlewind, CA,(540) 507-8442
Carlin, Keith,Nanty Glo, PA,(156) 444-8779
Tyner, Nicholle,Tick Bite, NC,(342) 519-8165
Arsenault, Alyssa,Bliss, MI,(106) 305-1242
Hoffmann, Laverne,Hickman, KY,(861) 376-1810
Franke, Bernardina,Irish Bend, LA,(211) 210-9826
Dowell, Dalia,Dille, WV,(538) 260-9279
Corn, Devorah,Normal, KY,(970) 433-3242
Edwards, Brandee,Ransom, KS,(002) 272-1215
Bourne, Irwin,Dowelltown, TN,(337) 800-8841
Kunz, Nichelle,Braintree, MA,(498) 652-5878
Vallejo, Lisabeth,Hoop and Holler, TX,(407) 193-8751
Hard, Senaida,McDonald, NM,(158) 602-6981
Aranda, Renetta,Stop, AR,(913) 557-2478
Westbrook, Chanel,Kissimmee, FL,(109) 884-2448
Drew, Olympia,Nice, CA,(983) 349-5438
Waggoner, Jaime,Foot of Ten, NJ,(294) 485-6531
Jester, Starr,Mecca, CA,(962) 422-1591
Gibson, Magaly,Savage, MN,(040) 378-8140
Oreilly, Tyisha,Hump Mountain, NC,(412) 445-6872
Traylor, Patricia,King Ferry, FL,(730) 905-3468
Hendrix, Ryan,Salty, TX,(900) 360-5011
Renteria, Vonda,Chicken, AK,(243) 629-5062
Montgomery, Melania,Longwood, FL,(535) 396-6375
Kiefer, Marin,Old Moses, NM,(637) 131-8579
Currier, George,Mosquitoville, VT,(951) 583-8718
Bankston, Nelson,Bucksnort, TN,(977) 230-6891
Garner, Phyliss,Bravo, AL,(936) 310-3283
Blythe, Tamisha,Drunkard Creek, NY,(974) 116-3448
Eggers, Jules,Contact, NE,(251) 925-7075
Bullock, Maurine,Viola, DE,(259) 488-2636
Lloyd, Julio,Gross, NE,(508) 239-8290
Kolb, Jillian,Winnemucca, NE,(774) 477-7936
Rosenbaum, Carlee,Truthville, NY,(228) 191-8072
Purnell, Bette,Robbers Roost, AZ,(132) 017-1165
Alcantara, Marna,Culpeper, VA,(360) 402-6473
Hodge, Sommer,Mullet Lake, MI,(678) 172-4467
Castillo, Sharan,Avon-By-The-Sea, NJ,(457) 281-6609
Moreau, Evangeline,Dripping Springs, AR,(537) 979-7210
Prosser, Neomi,Good Intent, NJ,(167) 061-5650
Camarillo, Nancy,Shafter, MO,(884) 910-0280
Andre, Priscila,Odin, KS,(316) 810-2571
Ornelas, Maragret,Crested Butte, CO,(319) 564-2405
Woodbury, Alida,Poopout Hill, CA,(434) 087-8647
Gonzalez, Gladis,Climax, NC,(718) 045-8880
Getz, Raylene,Cox Corner, FL,(822) 617-7739
Mohamed, Reginia,Deep Gap, NC,(392) 953-6325
Camacho, Norris,China Grove, TX,(482) 092-7430
Dunlap, Damion,Weed, NM,(560) 581-3399
Poore, Milagros,Bright, IN,(210) 658-5161
Kirk, Latina,Ball Club, MN,(260) 441-6918
Pierce, Inger,Pierceville, KS,(542) 233-7382
Pittman, Ashley,Turtle Mountain, ND,(819) 919-2073
North, Patrice,Pluto, MS,(391) 394-9649
Trapp, Lurlene,Peculiar, MO,(458) 514-7176
Shirk, Elois,Mystic, CT,(775) 539-5213
Whelan, Felipe,Why, AZ,(453) 624-8566
Gant, Emil,Poor Town, NC,(434) 914-2320
Franco, Lyla,Crackertown, FL,(639) 835-6702
Jarvis, Luis,Ho-Ho-Kus, NJ,(569) 681-4560
Briones, Angla,Loving, NM,(894) 866-3274
Braun, Philomena,Whynot, NC,(608) 783-1136
Forman, Latanya,Kickapoo, KS,(262) 238-3001
Yeager, Jeanetta,Gypsy, OK,(392) 388-4514
Kennedy, Adina,Carefree, AZ,(714) 813-4211
Brunson, Denny,Toad Town, CA,(561) 133-6067
Michaud, Matt,Start, LA,(250) 832-9177
Dudley, Arvilla,Big Bone Lick, KY,(434) 894-7395
Burchfield, Dorla,Dimmitt, TX,(403) 751-6259
Mcbride, Raleigh,Jerusalem, UT,(086) 453-3298
Grayson, Kasey,Fertile, IA,(270) 251-9655
Wegner, Stephenie,Abyss Lake, AK,(791) 582-2103
Stoddard, Cary,Bugaboo Creek, IL,(809) 059-8015
Mark, John,Gayville, SD,(889) 317-0375
Aldrich, Lonnie,Tarzan, TX,(886) 248-0498
Gentry, Kasi,Crazy Cow Creek, WA,(626) 297-6364
Hagan, Sammie,Slaughterville, OK,(495) 921-4329
Schreiner, Vi,Ai, OH,(804) 527-4719
Mcqueen, Von,Big Arm, MT,(395) 014-6017
Maguire, Merrilee,Guys, TN,(028) 354-1594
Dodge, Madelene,Squabbletown, CA,(639) 448-5227
Wilcox, Darnell,Valentine, NE,(284) 363-7714
Finnegan, Bethann,Dry Beaver Creek, AZ,(672) 459-0355
Swann, Delicia,Burnt Ranch, CA,(132) 419-0808
Cheatham, Rosalie,Christmas, MS,(280) 734-1188
Gaskins, Cristina,Roach, NE,(075) 188-6247
Kitchens, Elana,Gay Head, MA,(995) 878-6520
Moses, Shantelle,Sand Draw, WY,(278) 896-9520
Mattson, Jc,Humansville, MO,(428) 772-5684
Zapata, Melanie,Lama, NM,(859) 111-3428
Bittner, Albert,Tuba City, AZ,(948) 764-6323
Broussard, Elly,Dragon, MS,(398) 051-9779
Tillman, Corey,Massacre Lake, NE,(357) 841-5169
Schmid, Arron,Happy Corner, ME,(441) 380-8895
Monson, Sharen,Finger, TN,(725) 829-2895
Crisp, Paris,Pickens, SC,(081) 770-5418
Carreon, Darrick,Pencil Bluff, AR,(008) 605-4038
Peeples, Zofia,Ballstown, IN,(518) 542-3467
Madrid, Wilton,Belchertown, MA,(552) 424-1646
Reimer, Ariel,Climax, AL,(275) 115-2782
Bonner, Isidra,Port Matilda, PA,(291) 410-0901
Beverly, Jeremy,Rainbow, AL,(025) 046-8869
Maciel, Sunday,Ham Lake, MN,(056) 609-3281
Richter, Marquis,Embarrass, MN,(332) 647-0883
Blue, Jacinto,Burnt Chimney Corner, NC,(639) 798-6706
Doan, Arie,Dime Box, TX,(841) 995-7299
Matteson, Rosalina,Catskill, NY,(304) 857-7795
Ferguson, Merilyn,Pointblank, TX,(990) 869-3753
Large, Minda,Wise, VA,(929) 592-2758
Calkins, Jammie,Gnaw Bone, IN,(565) 189-6049
Farmer, Sabrina,Nowata, OK,(470) 465-6211
Sparkman, Walter,Duff, KY,(689) 867-2202
Beckett, Margareta,Magic, ID,(165) 014-0203
Cazares, Mariam,Coffee Point, ID,(294) 737-5102
Bello, Lavone,Leggtown, AL,(415) 036-6599
Alvarez, Nanette,Big Lick, NC,(220) 046-6557
Teal, Tanisha,Seaman, OH,(264) 832-6494
Ebert, Deena,Flaming, MN,(913) 040-8431
Cleveland, Marybelle,Sugar City, CO,(188) 572-1491
Alarcon, Gertie,Sunizona, AZ,(291) 228-2898
Aponte, Emory,Notrees, TX,(646) 316-7811
Galindo, Digna,Muddy Gap, WY,(673) 680-7048
Dalton, Crystal,Gaylord, MI,(261) 878-3351
Everson, Vada,Dog Corner, ME,(093) 183-1225
Klein, Shay,Shafter, KY,(840) 397-9899
Shipley, Jordan,Nut Plains, CT,(774) 423-6315
Caron, Tegan,Tillicum, WA,(040) 233-2806
Carbajal, Youlanda,Monkey's Eyebrow, KY,(782) 061-4556
Rinaldi, Amado,Climax, MI,(913) 239-3637
Pulley, Maybell,Duck, NC,(210) 562-1808
Scruggs, Leone,Ion, IA,(208) 695-2400
Luu, Sook,Jumping Branch, WV,(756) 786-9435
Sorrell, Eura,Gay Meadows, AL,(008) 436-2440
Holton, Flossie,Shitepoke Creek, OR,(112) 731-2374
Hutchings, Winter,Zulu, IN,(315) 202-0925
Sipes, Luanna,Dripping Springs, TX,(228) 028-6197
Griffin, Caroyln,Three Locks, OH,(314) 825-3732
Bonds, Elodia,Mound, ND,(052) 368-8792
Titus, Katelin,Desire, PA,(367) 864-8601
Dotson, Jeanette,Jumbo Landing, ME,(241) 784-9653
Turnbull, Hollie,Suckerville, ME,(315) 967-8668
Jean, Henrietta,Beersville, PA,(650) 101-3821
Alcantar, Mariella,Felch, MI,(968) 623-3629
May, Laree,Dead Horse Creek, OR,(968) 711-6472
Apple, Bryant,Chili Center, NY,(355) 610-6553
Clevenger, Sharell,Salter, KS,(686) 739-7035
Hitt, Xiao,Shongaloo, LA,(675) 891-5815
Lugo, Keturah,Frostproof, FL,(881) 475-1873
Crutchfield, Brittani,Medicine Knoll Creek, SD,(024) 069-2991
Coons, Denita,Cox City, OK,(732) 825-9973
Stoltzfus, Shanae,Nowhere, OK,(615) 002-2170
Clement, Louisa,Mock City, WA,(015) 152-0008
Devore, Cortney,Tropic, UT,(707) 219-5106
Mayer, Elroy,Three Way, AR,(224) 862-1066
Angell, Myesha,Moroni, UT,(824) 508-8854
Yan, Lourie,Wolftown, VA,(856) 527-1185
Mosqueda, Ping,Crab Town, IA,(433) 394-3632
Mehta, Tanya,Short Mountain, TN,(735) 951-7606
Basham, Jennell,Van Houten, NM,(367) 860-2505
Hollingsworth, Marlena,Sandwich, NH,(742) 419-7535
Lyle, Hyo,Sleepy Hollow, CA,(719) 512-1875
Vogel, Mindi,Queer Creek, AK,(966) 365-0747
Thorn, Edmond,Fearnot, PA,(258) 015-3379
Miley, Lazaro,Novelty, OH,(048) 889-5785
Mallett, Randee,Tingley, IA,(114) 966-0148
Healey, Kina,Burnt Prairie, IL,(233) 383-7391
Dick, Dino,Covert, MI,(910) 931-9072
Roeder, Olga,Cockeysville, MD,(261) 658-4578
Showalter, Sharri,Buttermilk, KS,(092) 108-9399
Freeland, Gilberto,Skylight, AR,(021) 310-1836
Good, Taina,Muse, OK,(003) 400-0949
Szabo, Vern,Roads End, CA,(590) 460-0622
Galloway, Carolann,Burnt Hills, NY,(848) 807-0100
Scott, Margherita,Static, TN,(398) 777-4016
Springer, Jeane,Wacker, IL,(766) 615-4107
Alaniz, Veola,Buckskin Crossing, WY,(440) 595-5726
Akin, Deandra,Defiance, PA,(545) 902-3620
Borden, Rosalia,Cologne, MN,(254) 345-1898
Meza, Minerva,Secretary, MD,(957) 719-4873
Destefano, Tommye,Floyds Knobs, IN,(706) 247-1302
Deguzman, Sherie,Cement, OK,(977) 549-3105
Gentile, Mertie,Turkey, TX,(242) 304-2529
Tavares, Linnea,Bullhead City, AZ,(649) 761-6758
Clemens, Cierra,Kildeer, IL,(624) 227-5682
Keeney, Jocelyn,Two Egg, FL,(689) 653-8999
Greathouse, Catherina,Bean Station, TX,(248) 030-2813
Rudolph, Luther,Dull, OH,(663) 367-7928
Weiss, Dalila,Study Butte, TX,(465) 521-7008
Roeder, Giselle,Tennis, KS,(721) 863-9408
Sales, Nobuko,Yeehaw Junction, FL,(710) 299-4280
Bruns, Alexia,Dog Town, AL,(143) 274-7196
Ricketts, Madge,Oblong, IL,(260) 127-1599
Sellers, Inga,Surf City, NJ,(278) 513-6619
Mendes, Pearle,Scotrun, PA,(157) 063-6925
Braden, Everett,Enigma, GA,(500) 297-6336
Vanover, Michaela,Waldo, WI,(729) 713-7678
Byron, Fannie,Helle Lake, MN,(552) 089-4531
Hilliard, Kym,Shades Run, AL,(792) 713-1247
Cade, Ligia,Dick, MI,(185) 466-5125
Spurgeon, Johnsie,Nothing, AZ,(586) 653-4109
Cotton, Azalee,Canoe, IA,(977) 945-9269
Judy, Leda,Beaver Creek, OR,(500) 673-0986
Otis, Nicolette,Brilliant, OH,(105) 446-7788
Napolitano, Jacquline,Moon, PA,(359) 663-8179
Edgar, Jewel,Tingle, NM,(366) 234-1875
Barraza, Else,Normalville, PA,(687) 487-7446
Childress, Tanner,Circleville, UT,(802) 733-7889
Palma, Claris,Shy Corner, ME,(622) 822-3940
Painter, Darrel,Cheeseville, WI,(323) 349-1511
Eisenberg, Lorrine,Bowlegs, OK,(858) 597-9527
Stringer, Jacquelyne,Intercourse, PA,(034) 816-6788
Bremer, Kurtis,Hog Jaw, AR,(623) 295-8606
Hamilton, Ai,Bland, FL,(203) 194-4333
Feeney, Aleta,Wheat Swamp, NC,(560) 414-8517
Swope, Bryan,Bar Nunn, WY,(437) 431-3982
Becerra, Rachel,Truth Or Consequences, NM,(471) 763-1788
Mcalister, Breana,Bummerville, CA,(931) 078-7786
Longoria, Abdul,Habit, KY,(353) 200-8465
Mock, Mattie,Cheesequake, NJ,(030) 107-1707
Gant, Clarine,Wahoo, FL,(607) 258-1992
Clemmons, Jeffrey,White Earth, ND,(059) 523-6380
Burkhardt, Benton,Omemee, ND,(485) 322-1214
Gillette, Paulette,Chilli, OK,(589) 043-7890
Petty, Melany,War, WV,(120) 490-1670
Kruger, Ashley,Ball Bluff, MN,(977) 580-5307
Vickers, Retha,Nutbush, TN,(464) 729-1843
Stepp, Leonel,Gillette, WY,(138) 667-9954
Jung, Darrel,Possum Grape, AR,(368) 443-5421
Durr, Sheena,Old Weiss And French Place, MT,(504) 110-5116
Burgess, Cori,Dyckesville, WI,(945) 458-3858
Shoemaker, Corinna,Ducktown, TN,(324) 495-2025
Infante, Kitty,Hungry Horse, MT,(344) 971-0064
Schilling, Arletha,Goodbee, LA,(386) 349-9947
Nowlin, Sun,Kokomo, MS,(937) 284-4359
Latham, Linn,Reklaw, TX,(112) 079-0700
Yang, Malcom,Gin, MS,(842) 739-8081
Mccray, Gudrun,Five Forks, SC,(428) 571-5102
Mcvay, Deeanna,Frostproof, PA,(639) 879-8180
Franco, Arica,Miracle, KY,(394) 910-6658
Steward, Dakota,Hicksville, OH,(422) 273-3707
Gordon, Joesph,Inspiration, AZ,(862) 480-9331
Zimmermann, Dick,Flynns Lick, TN,(098) 278-0406
Winfield, Flor,Frognot, TX,(456) 607-9934
Crook, Earline,Y City, AR,(973) 566-9430
Monk, Luise,Grand Detour, IL,(122) 806-4734
Gregg, Loyd,Bloody Corners, OH,(134) 070-0919
Ridley, Gayle,Turkey, NC,(831) 654-0282
Gladden, Danuta,Red Devil, AK,(636) 858-8717
Caudill, Edwina,Fairy, TX,(709) 927-3815
Menard, Trudi,Burnt House, WV,(541) 855-8205
Galindo, Jolie,Elmo, UT,(733) 110-0611
Dellinger, Matilda,Camel Hump, WY,(832) 796-5051
Harden, Cathi,Weed, CA,(674) 056-2871
Falcone, Sanda,Correctionville, IA,(470) 655-4357
Burney, Daina,Hellhole Palms, CA,(810) 136-7448
Carver, Maris,Bloodland, MO,(429) 138-9390
Botello, Inge,Miccosukee, FL,(737) 636-9106
Newberry, Thomas,Stuttgart, AR,(710) 129-8103
Patten, Charlotte,Marked Tree, AR,(462) 504-1350
Kaufmann, Leroy,Cow Springs, AZ,(853) 219-5746
Locklear, Dave,Bonanza, CO,(022) 112-0766
Back, Jill,Zigzag, OR,(493) 455-8890
Schrader, Lana,Bland, MO,(299) 593-8627
Quinn, Darline,Welcome, FL,(230) 032-9429
Bradbury, Kari,Walhalla, TX,(593) 998-6280
Metcalf, Susannah,Ordinary, KY,(949) 397-0362
Gaddy, Berenice,Avocado, CA,(156) 495-2972
Lay, Princess,Zzyzx, CA,(693) 321-1704
Brantley, Loma,Scotchtown, VA,(643) 078-7485
Webster, Livia,Slickpoo, ID,(899) 355-0046
Schafer, Carlita,North Pole, AK,(471) 037-3707
Cantu, Evette,Mechanicsville, SC,(504) 369-7334
Cole, Lester,Coudersport, PA,(087) 271-3271
Dellinger, Valencia,Studley, KS,(591) 718-8542
Whitfield, Maryellen,Rough and Ready, CA,(374) 329-7559
Blair, Cherryl,Gay, WV,(047) 319-5810
Diamond, Earl,Hairtown, NC,(493) 351-5998
Homan, Clint,Unicorn, PA,(997) 129-3712
Rowland, Tonya,Ponder, TX,(312) 497-5321
Betancourt, Magnolia,Blackman, TN,(006) 707-0015
Sparks, Refugio,Spunk Creek, MN,(116) 744-0716
Rutkowski, Ariana,Pleasanton, KS,(936) 318-5330
Peace, Ward,King of Prussia, PA,(835) 477-2995
Chu, Kristian,Benbow, CA,(600) 883-0860
Lozada, Stefany,Peyote Point, MT,(815) 916-0460
Hanes, Madie,Assawoman Bay, DE,(632) 455-0681
Duke, Mellie,Grimesland, NC,(063) 269-3840
Large, Alexandra,Brilliant, AL,(724) 572-5069
Mesa, Milda,Mudsock, OH,(330) 312-0494
Barba, April,Frogville, OK,(561) 519-2054
Kerns, Madeleine,Deerhead, KS,(843) 401-0235
Snipes, Nanci,Neelyville, MO,(043) 544-6194
Charles, Lee,Surprise, CA,(350) 923-5000
Rao, Vance,Soso, MS,(483) 500-6952
Behrens, Terry,Desert, TX,(991) 211-2017
Read, Latricia,Gas, KS,(025) 638-3484
Berg, Delphia,Big Lick, TN,(201) 265-6680
Mccool, Latesha,Hot Coffee, MS,(860) 799-8535
Musick, Joeann,Cummins Crossing, TX,(193) 894-7221
Burnside, Alessandra,Church, IA,(289) 327-8713
Hamblin, Viviana,Boos, IL,(072) 164-3274
Jacobson, Yolando,Ai, GA,(790) 584-6899
Starks, Birgit,Hooker Corner, IN,(225) 697-0555
Pool, Ashely,Yellville, AR,(090) 874-3710
Whelan, Cami,Flat Lick, KY,(327) 791-5578
Weller, Cherly,Double Trouble, NJ,(755) 460-5354
Dugan, Corrina,Gay, OK,(895) 533-8276
Horne, Lan,Merlin, OR,(223) 921-6931
Workman, Shanae,Handy Corner, MS,(555) 301-6921
Heath, Lona,Kinde, MI,(941) 637-9979
Patton, Gussie,Earth, TX,(977) 812-1241
Lister, Jaunita,Perfection, NY,(918) 671-5578
Weston, Layne,Remote, OR,(413) 474-2325
Hannah, Aurea,Manassas, VA,(875) 418-4904
Viera, Tenesha,Mexican Hat, UT,(749) 305-5358
Hicks, Katie,Backbone, VA,(792) 674-9620
Short, Maisie,Leech Lake, MN,(652) 310-6270
Ragland, Charis,Waterloo, SC,(048) 577-4019
Kelly, Chieko,Coffeeville, AL,(344) 311-3595
Flick, Jenelle,Blackey, KY,(564) 087-1745
Mackay, Eusebia,Trophy Club, TX,(061) 591-9850
Torres, Jo,Broken Arrow, OK,(310) 743-0230
Knudsen, Brianna,Wyckoff, NJ,(421) 021-9528
Lewis, Lise,New Fork, WY,(035) 100-9263
Tang, Cathy,Fisty, KY,(105) 321-4624
Binder, Kathaleen,Gay Hill, TX,(700) 292-2642
Delong, Rosalee,Los Banos, CA,(481) 213-3763
Beckman, Katelyn,Beaver Falls, PA,(356) 103-7831
Pickett, Fidela,Domestic, IN,(818) 025-4306
Clemons, Lavada,Trout, KY,(854) 937-1777
Quintanilla, Shantay,Briar, MO,(593) 749-1396
Walling, Letisha,Hell, MI,(339) 867-2593
Victor, Demetrius,Lugoff, SC,(532) 011-8980
Prewitt, Verna,Santa Claus, IN,(202) 257-9137
Bernard, Laurine,Pepsin, MO,(519) 467-0206
Bassett, Lourdes,Equality, IL,(012) 645-3983
Burns, Frankie,Knockemstiff, OH,(523) 957-9125
Correia, Shaunna,Carbon, IA,(040) 279-3472
Burrell, Wiley,Fruit, IL,(878) 467-1018
Gossett, Dewayne,National Park, NJ,(907) 015-7148
Rowell, Margit,Doghouse Junction, CA,(656) 992-7978
Armijo, Rosette,Between, GA,(564) 360-4273
Mejia, Clemente,Arnold Place, WY,(662) 106-4964
Sylvester, Alpha,Pee Pee, OH,(997) 328-2244
Fulton, Abdul,Cyclone, IN,(953) 904-7275
Raney, Hilton,Flippin, TN,(563) 157-0926
Arreola, Maryland,Poor Farm, VT,(328) 773-5613
Muller, Marcos,Big Muddy River, MA,(820) 327-3811
Stack, Noelia,Telephone, TX,(339) 945-7724
Mattson, Kathey,Grassy Butte, ND,(103) 701-8310
Leal, Vanesa,Mount Homer, FL,(621) 349-0945
Dill, Jacelyn,Timbuktoo, CA,(495) 755-8257
Graber, Yoshie,Blue, AZ,(469) 796-8582
Murrell, Meggan,Quackenkill, NY,(448) 575-3924
Ryder, Jacelyn,Ready, KY,(803) 477-2493
Mayer, Jena,Togo, MS,(876) 927-5559
Villagomez, Lavonne,Dunmore, WV,(867) 600-0335
Caballero, Lu,Echo, IA,(477) 912-9875
Foley, Bernice,Tightwad, MO,(507) 856-5867
Thornton, Preston,Yazoo, MS,(845) 919-2567
Hopson, Abdul,Scuffletown, VA,(879) 002-0561
Landis, Delphia,Thistle, UT,(693) 003-2837
Whitson, Collette,Gay, ID,(276) 123-5145
Ginn, Alyson,Hourglass, DE,(952) 482-5142
Hazel, Darnell,Dry Fork, VA,(785) 363-1039
Loving, Royce,Eureka, UT,(370) 635-4177
Bustos, Earl,Alloy, WV,(300) 544-3240
Macdonald, Erica,Gun Barrel City, TX,(873) 533-6362
Dixon, Karma,Waterloo, AL,(624) 419-4910
Austin, Cher,Red Shirt, SD,(915) 895-0301
Eden, Jina,Not, MO,(883) 301-1192
Driver, Gabriel,Warrior, AL,(921) 656-9659
Spivey, Argentina,Meyers Chunk, AK,(191) 337-4704
Chaney, Emmy,Scrabble, WV,(158) 143-9978
Yee, Rosa,King Salmon, AK,(563) 568-5839
Alcorn, Joanie,Christmas Valley, OR,(105) 323-9176
Stock, Laverne,Pyro, OH,(423) 023-0502
Xiong, Yasuko,Devils Tower, WY,(920) 239-1789
Swope, Elwood,Rosebud, NM,(334) 098-1470
Grantham, Jason,Frogmore, LA,(823) 352-0299
Bickford, Renay,Slick Rock, KY,(857) 683-7223
Peters, Ray,Beards Fork, WV,(709) 465-2572
Jolley, Hannelore,Beaver, WV,(291) 233-7889
Canfield, Julianne,Bow, WA,(297) 997-9948
Hedges, Rina,Deadmans Corner, WY,(667) 301-9123
Mcmichael, Clotilde,Fort Dick, CA,(879) 503-4366
Kowalski, Juanita,Lickdale, PA,(593) 606-2762
Pedraza, Ingeborg,Soda Lake, WY,(049) 591-2179
Bryant, Blanch,Awe, KY,(759) 976-9739
Whalen, Bo,Ship Bottom, NJ,(863) 415-9294
Zimmermann, Rolande,Wetmore, TN,(626) 083-7472
Houser, Barry,Beaver Crossing, NE,(019) 922-8144
Carrasco, Albertine,Cyclone, TX,(521) 549-4638
Carrier, Isabella,Spearville, KS,(870) 862-9841
Rich, Elin,Hothouse, GA,(906) 741-6786
Head, Roseann,Colts Neck, NJ,(671) 479-2781
Turner, Georgiana,Threeway, VA,(145) 443-5886
Comer, Myrle,Dork Canal, OR,(469) 852-9269
Coleman, Chara,Morehead City, NC,(785) 245-5335
Cantu, Arnulfo,Bowman, ND,(687) 691-6840
Dudley, Kelvin,Crab Orchard, VA,(283) 978-1911
Kaplan, Shelli,Chipmunk, NY,(286) 794-1676
Spear, Ashli,Hill Number 1, AL,(431) 239-5068
Dickey, Fernande,Normal, IN,(745) 765-3006
Wickham, Felecia,Defeated, TN,(959) 393-9921
Groth, Mario,Abercrombie, TX,(469) 822-6839
Carvalho, Irene,Climax, KS,(425) 772-5517
Gerber, Otto,Gays, IL,(862) 145-1564
Ramsay, Chantelle,Climax, PA,(482) 194-9410
Tully, Pok,Druggs Creek, OR,(962) 606-5044
Brant, Laquita,Gas City, IN,(485) 706-5780
Applegate, Christy,Rainbow, CA,(154) 508-1099
Smallwood, Kristal,New Corn Hill, TX,(279) 948-7947
Stallings, Emerson,Purchase, NY,(641) 797-8910
Fielder, Conchita,George, WA,(438) 223-5038
Jolley, Yoshie,Monkey Run, AR,(887) 174-9441
Luster, Gerardo,Oxlip, MN,(515) 983-7133
Packer, Jeanette,Hooker, OK,(682) 306-9471
Perrin, Daron,Bangs Beach, ME,(992) 495-8169
Oconnor, Bobbie,Accident, MD,(969) 358-0913
Shen, Daniella,Highway 9 Landing, OK,(942) 785-9568
Ford, Johna,Triangle, ID,(626) 711-1303
Morin, Chana,West Bonetraill, ND,(014) 555-1259
Hawkins, Kyle,Kickapoo, TX,(559) 989-1863
Marek, Jovita,Bridal Veil, OR,(860) 199-1448
Lamont, Enriqueta,Hill and Dale, FL,(510) 999-7229
Gage, Buford,Twitty, TX,(216) 771-3725
Hecht, Keitha,Novelty, MO,(297) 514-4740
Jeffrey, Juliette,Fairplay, AR,(392) 040-2227
Ojeda, Amira,Whynot, MS,(291) 399-9671
Nolen, Farah,Skyforest, CA,(160) 872-5853
Chamberlin, Else,Tiny, VA,(723) 928-1333
Peterson, Dotty,Loco Hills, NM,(622) 180-2620
Faulk, Cayla,Five Forks, AL,(593) 271-6939
Hutchinson, Alethea,French Lick, IN,(753) 353-3520
Laplante, Raphael,Guy, NM,(401) 901-7092
Almond, Jimmie,Lightning, ID,(040) 179-6081
Wilke, Evangeline,Loveland, OH,(386) 085-7414
Valle, Arlena,Crossnore, NC,(567) 639-3354
Omalley, Tyler,Ashland, OR,(575) 943-8319
Purdy, Alisia,Riddle, OR,(893) 781-4728
Bradford, Marlen,Cool, TX,(315) 368-4218
Withrow, Ruby,Gay, GA,(688) 380-9914
Binder, Cuc,Willacoochee, GA,(565) 173-1137
Phillips, Hipolito,Munster, IN,(752) 999-6309
Hannah, Shawn,Uncertain, TX,(074) 968-7565
Rouse, Catarina,Salesville, AR,(184) 670-9659
Bracken, Penelope,Breakneck, PA,(840) 289-1906
Montenegro, Ashli,Home, WA,(046) 211-9630
Pardo, Romana,Little Hope, PA,(993) 511-3795
Lund, Beaulah,Jugtown, NC,(724) 113-9249
Ragsdale, Ardelia,Paradise, MI,(498) 702-8776
Rountree, Edgar,Gay, NC,(822) 089-7456
Briseno, Alysia,Argyle, MI,(178) 553-8423
Cromer, Rita,De Queen, AR,(085) 999-9975
Tellez, Phebe,Greybull, WY,(673) 656-8441
Swanson, Josefine,Fishkill, NY,(339) 357-5710
Washburn, Jimmy,Defiance, IA,(951) 757-6149
Burt, Cinthia,Butte, MO,(793) 773-2420
Durant, Corie,Big Butt, NC,(044) 729-2446
Dickson, Nickolas,Chocowinity, NC,(660) 908-6314
Hogue, Stephania,Bald Knob, AR,(105) 901-0323
Upshaw, Palmira,Wawa, PA,(749) 576-4155
Bethea, Alvera,Broken Bow, OK,(713) 828-9165
Giles, Geoffrey,Corkscrew, FL,(307) 755-9845
Crain, Maddie,Dill City, OK,(926) 488-0749
Conrad, Terina,Mexican Water, AZ,(897) 731-3932
Schaffer, Murray,Bloody Springs, MS,(475) 307-9152
Bello, Joanne,Pippa Passes, KY,(885) 801-1050
Appel, Armand,Burnt Chimney, VA,(139) 961-1057
Cornejo, Keiko,Southpark, CO,(769) 072-7099
Sandberg, Elma,Whites Creek, TN,(785) 402-3353
Fried, Kimberly,Three Forks, TN,(780) 819-5384
Menendez, Esta,Show Low, AZ,(499) 280-7532
Gilson, Opal,Scrabble, VA,(011) 928-1996
Armstrong, Tommie,Shafter, IL,(155) 354-0908
Augustine, Jacob,Covert, NY,(885) 521-3573
Hanks, Dante,Bushland, TX,(324) 261-7058
Bolt, Leo,Oatman, AZ,(711) 570-6290
Zepeda, Tereasa,French Camp, CA,(129) 852-0021
Villalobos, Barton,Happy, TX,(176) 631-7987
Boone, Nicole,Argyle, IL,(080) 359-8484
Ramon, Cecille,Sexton, AR,(397) 286-1354
Bachman, Ivey,Mount Joy, DE,(415) 256-0113
Sapp, Lorrie,Boody, IL,(235) 907-8426
Griffis, Ivey,Helper, UT,(782) 437-9660
Pounds, Marcelina,America, OK,(831) 599-1003
Aragon, Rema,Acme, LA,(169) 725-8301
Ginn, Sammy,Hogshooter, OK,(462) 398-5715
Conlon, Reynalda,Mount Gay, WV,(989) 118-5521
Tate, Oswaldo,Liberal, KS,(934) 918-6771
Derr, Stacy,Bayou Crab, LA,(714) 684-5767
Lomax, Nilsa,Vatican, LA,(717) 392-6837
Ferrell, Tonia,Fairplay, CO,(181) 741-5864
Lindgren, Jacqulyn,Deadman Reach, AK,(844) 133-6236
Hoch, Virgil,Ware Place, SC,(881) 864-2619
Rosen, Matilda,Erie, TN,(070) 737-9031
Haggard, Marlon,Noone, NH,(116) 331-0948
Conway, Kira,Bumble Bee, AZ,(078) 520-2460
Gabriel, Nichol,Ironwood, MI,(895) 188-8945
Brennan, Tatyana,Small, TX,(048) 828-6067
Arsenault, Gay,Dry Prong, LA,(855) 340-2464
Haddad, Toni,Government Camp, OR,(019) 877-4067
Shah, Kesha,Flippin, AR,(038) 373-9281
Wahl, Bell,Humptulips, WA,(343) 692-0311
Grasso, Tameka,Skull Creek, WY,(024) 614-6911
Colvin, Annabelle,Six Forks, NC,(727) 828-1707
Maclean, Reanna,Pig, KY,(693) 366-3345
Lovell, George,Defiance, AR,(181) 162-6059
Kidwell, Hal,Elevation, TX,(718) 406-3558
Galvin, Selena,Energy, MS,(267) 861-7717
Maas, Tammie,Gaysville, VT,(391) 814-2694
Frias, Marg,Gallup, NM,(984) 897-9248
Cedeno, Erminia,Oatmeal, TX,(350) 431-6559
Elam, Glory,Toadsuck, AR,(821) 447-2831
Jerome, Korey,Elf, NC,(809) 515-1160
Giles, Billie,Broken Bow, NE,(759) 118-3239
Daly, Kyle,Jersey Shore, PA,(657) 236-7207
Mauro, Meta,The Holy City, OK,(483) 118-1693
Vinson, Tracey,Jackass Flats, NE,(625) 120-1105
Huynh, Sherie,Cumber, MI,(883) 889-2887
Godwin, Regenia,Garfield, ID,(748) 572-9890
Shanahan, Elenor,Port Lonesome, FL,(831) 665-9997
Atkins, Shaina,Lorida, FL,(085) 245-4821
Mcmahon, Krista,Cyclone, MO,(246) 353-1816
Foster, Carey,Pinnebog, MI,(527) 801-4463
Wahl, Santiago,Knob Lick, MO,(951) 863-8076
Jack, Alyson,Moccasin, AZ,(907) 476-6355
Bayer, Claudette,Short Pump, VA,(300) 506-9569
Elrod, Elbert,Checkboard, MT,(362) 592-1869
Whitt, Sang,Iowa,IA,(973) 687-1549
Sweeney, Adam,Mouth of Wilson, VA,(614) 096-4131
Altamirano, Avery,Port Sulphur, LA,(450) 722-7986
Bosley, Garnet,Eville, OK,(361) 391-2743
Marks, Hobert,Black Jack, TX,(284) 054-5328
Harrison, Keena,Climax, MN,(363) 910-9448
Nunes, Lisha,Cancer Hill, ME,(589) 759-1083
Lovelace, Hong,Stones Store, VA,(710) 748-4965
Bostic, Kenyatta,Skeleton Creek, ID,(474) 707-6137
Ho, Christina,Starbuck, WA,(051) 409-2331
Valente, Theressa,Zap, ND,(479) 034-9876
Carlin, Jesus,Sparks, OK,(542) 247-0362
Allard, Harland,Walnut Shade, TN,(965) 091-6517
Moeller, Ivana,Dead Dog Creek, ID,(519) 547-4180
Hutchens, Wenona,Snapfinger, GA,(967) 971-5966
Trimble, Leroy,Bootleg, TX,(424) 753-9129
Brewster, Loris,Elephant Butte, NM,(961) 418-3090
Chacon, Astrid,Three Way, AZ,(844) 226-5467
Keane, Alejandrina,Pandora, OH,(750) 423-2656
Lombardo, Macy,Fruitland, CA,(478) 345-2052
Simpson, Evon,Rugby, ND,(143) 520-6896
Ng, Elidia,Index, VA,(436) 556-7275
Low, Shanel,Sensation, AR,(655) 432-9318
Romine, Brandon,Fertile, MN,(585) 513-4867
Mullen, Aura,Allison Gap, VA,(771) 596-9151
Robins, Paul,Deer Lick, KY,(531) 106-7162
Robinson, Jule,High, TX,(789) 154-2193
Carrion, Kandy,Disco, IL,(655) 029-9334
Monroy, Carletta,Burnt Hill, AR,(592) 238-0696
Broussard, Josh,Olustee, FL,(000) 940-3557
Edmond, Elene,Murder Bay, DC,(836) 426-4260
Hopson, Dorsey,Preemtion, IL,(164) 265-8288
Wahl, Carmelo,Wahoo, NE,(234) 379-0267
Lo, Thurman,Plain City, UT,(346) 261-4120
Gulley, Palmer,Forbes, MN,(847) 427-3864
Mares, Eusebio,Slap Out, IL,(794) 665-4032
Gilbert, Hosea,Fruitport, MI,(106) 215-1101
Mcmullen, Rowena,Office Hall, VA,(357) 098-2888
Stringer, Teofila,Dicktown, NJ,(349) 533-9180
Winters, Patsy,Cheat River, WV,(473) 010-6795
Burrow, Olene,Elephant, PA,(367) 430-9466
Kasper, Teena,Enterprise, UT,(514) 689-6827
Mcgraw, Lorrine,Needmore, FL,(543) 118-4852
Gerlach, Cristin,Big Lick, KY,(737) 027-8643
Dasilva, Sabina,Beaverdale, PA,(099) 969-6534
Creel, Lincoln,Knob Lick, KY,(753) 726-9659
Alcantara, Rosaria,You Bet, CA,(095) 138-9381
Galvez, Felica,Poop Creek, OR,(213) 140-6216
Lindley, Everette,Kermit, WV,(106) 440-9671
Titus, Ellie,Cow Head Landing, SC,(061) 495-9953
Covarrubias, Remona,Lucknow, SC,(832) 879-2534
Nieves, Angelica,Brimstone, LA,(829) 560-7464
Cleveland, Vernon,Ivanhoe, MI,(544) 106-0459
Testa, Danuta,Lobo, NM,(893) 442-4139
Gonzales, Homer,Fifty-Six, AR,(062) 674-6347
Brito, Magdalen,Greenhead, FL,(670) 682-4485
Randall, Loreen,Red Jacket, WV,(986) 153-5236
Weinberg, Neomi,Alcatraz, NM,(337) 846-4719
Rouse, Geoffrey,Torpedo, PA,(373) 830-4174
Prescott, Marge,Shafter, TX,(713) 018-5588
Diehl, Libby,Talking Rock, GA,(226) 827-4015
Beach, Olivia,Latexo, TX,(644) 468-4104
Rohde, Darcel,Lead Hill, AR,(016) 642-6347
Ervin, Gaston,Olive Center, MI,(735) 335-3418
Corbin, Jackie,Rifle, CO,(312) 036-3176
Goins, Tyler,Hairy Head Pond, VA,(854) 559-8289
Conti, Laurena,Viking, MN,(520) 377-0738
Aguilar, Ismael,Experiment, GA,(564) 601-0230
Floyd, Tracee,Minnehaha, AZ,(078) 285-3656
Hennessy, Vanesa,Stinking Bay, AR,(220) 396-6979
Holland, Man,Hacker Valley, WV,(805) 839-9375
Carlos, Louella,Erect, NC,(216) 298-9607
Marquardt, Eleonora,Snowhill, MD,(301) 353-0700
Dubose, Julio,Raisin Center, MI,(720) 199-1646
Wainwright, Elizbeth,Bird In Hand, PA,(274) 871-7530
Bruns, Jamaal,Soddy Daisy, TN,(726) 689-4904
Zimmermann, Marna,Nameless, TX,(821) 838-6241
Jasper, Otelia,Andover, IA,(856) 990-4347
Shockley, Candida,Drumright, OK,(391) 413-2522
Adler, Colleen,Kingwood, WV,(198) 517-2131
Campbell, Casie,Devils Den, CA,(689) 474-1596
Bunting, Charles,Slabtown, VA,(375) 216-2125
Barnard, Erminia,Little Medicine, WY,(224) 587-3530
Abbott, Dot,Stoner, CO,(204) 494-6468
Pounds, Nicolle,Half.com, OR,(226) 099-5217
New, Lezlie,Time, IL,(631) 554-8827
Carrera, Chun,Licking, MO,(094) 497-6701
Mcallister, Chanell,Beaver, UT,(162) 873-3729
Griffiths, Diana,Bell Buckle, TN,(680) 211-8522
Trout, Phoebe,House, NM,(792) 191-7373
Mullins, Mafalda,Love Ladies, NJ,(328) 148-5207
Greco, Shakira,Paradox, CO,(338) 853-7918
Adame, Karie,Gaylord, OR,(113) 948-5420
Haggard, Angelita,Left Hand, WV,(808) 389-7010
Esparza, Deidre,Burnt Mills Village, MD,(865) 333-5127
Brock, Elmo,Bushyhead, OK,(675) 381-0631
Mosley, Micah,Butts, VA,(076) 120-2057
Kirkwood, Siu,Scarville, IA,(499) 983-4743
Boynton, Donita,Lovely, KY,(732) 602-5512
Ledford, Tamela,Whisky Basin, CA,(381) 436-4333
Tafoya, Kasi,Enterprise, WI,(421) 513-0740
Francis, Arminda,Mechanicsville, VA,(472) 514-3650
Root, Bridget,Cyclone, PA,(309) 536-4697
Adamson, Sherika,Teakettle Junction, CA,(289) 278-7719
Arnold, Melvina,Eclectic, AL,(640) 852-3239
Jerome, Jadwiga,Bean Station, TN,(339) 503-8241
Hendrix, Otis,Eureka, KS,(630) 247-8306
Geiger, Amos,Chance, OK,(883) 515-8146
Koch, Sharice,Shakopee, MN,(228) 603-2445
Chou, Dorthea,Moosup, CT,(614) 440-5141
Stephens, Noma,Long Fork, KY,(238) 891-9991
Putnam, Conchita,Job, WV,(871) 664-5799
Middleton, Angelyn,Ocheesee, FL,(658) 468-7399
Atkins, Darrel,Horneytown, NC,(559) 490-9050
Criswell, Noreen,Gassville, AR,(606) 983-8352
Dominguez, Ellie,Wham, LA,(487) 959-5732
Hildreth, Zana,Niceville, FL,(692) 122-1461
Galbraith, Avril,Flush, KS,(036) 585-7196
Ransom, William,Gashland, MO,(742) 910-5130
Gould, Joi,Three V Crossing, ND,(649) 611-8713
Fowler, Inge,Gayway Corner, ID,(896) 119-5095
Song, Vinita,Experiment, PA,(184) 890-6342
Hubbard, Pandora,Peatville, MI,(125) 189-9985
Church, Bernita,Gays Mills, WI,(398) 879-8790
Bynum, Sandra,Gaysport, OH,(575) 551-7448
Rawls, Natalia,Nipple, UT,(136) 845-7684
Smalls, Lashanda,Crumpler, NC,(153) 984-2357
Whitlow, Donny,Crazy Woman Creek, WY,(401) 758-1394
Chaves, Shera,Buffalo Gap, SD,(107) 506-1670
North, Charles,Coxsackie, NY,(831) 154-1133
Mcdevitt, Rachell,Dexter by the Sea, WA,(757) 958-4197
Dawkins, Lesli,Woodburn, OR,(849) 274-4274
Lemaster, Eden,Slap Out, AL,(007) 405-8114
Ruiz, Nita,Coon Rapids, MN,(029) 223-2364
Smallwood, Nelly,Sun, LA,(096) 509-1767
Bratcher, Genia,Poverty, KY,(616) 386-2104
Emerson, Raymon,Christmasville, TN,(768) 367-8465
Boston, Isaias,Coward, SC,(148) 463-5195
North, Reanna,Sneads Ferry, SC,(443) 180-8226
Carver, Ute,Crash-up Mountain, AZ,(346) 046-3032
Montanez, Reatha,Dinosaur, CO,(459) 665-1005
Sager, An,Prison Farm, MT,(888) 664-6813
Ortega, Kermit,Virginville, PA,(210) 260-5829
Pence, Tisa,Locust, IA,(425) 769-2301
Mcculloch, Ingeborg,Lick Skillet, TN,(423) 768-1184
Everett, Terry,Last Chance, CA,(445) 540-8771
Odom, Gilberte,Big Beaver Valley, WA,(993) 760-1322
Oakes, Deon,Hurricane, UT,(491) 537-1550
Conley, Dalene,Manly, IA,(086) 297-7032
Cook, Shantay,Kake, AK,(866) 385-7876
Pinto, Janeth,Possum Trot, KY,(343) 471-9459
David, Somer,Friendsville, TN,(815) 875-4718
Milner, Chanel,Gruetli-Laager, TN,(722) 658-3170
Bristow, Teofila,Cash, AR,(403) 783-4149
Hoff, Toney,Hope, LA,(951) 959-2206
Howard, Meda,Beaverkill, NY,(781) 975-2637
Mcnair, Roseanna,Ballville, OH,(452) 486-1497
Sills, Mary,Townsville, NC,(446) 017-4647
Newkirk, Eloisa,Breakneck, CT,(576) 514-4450
Leroy, Rosalinda,Skidmore, KS,(858) 467-9154
Wesley, Claudio,Protection, KS,(612) 058-7602
Lash, Suzan,Sunset, UT,(957) 318-9355
Herrmann, Martina,Turkey Scratch, AR,(070) 954-6693
Ruff, Lisa,Gaylord, NC,(098) 888-3293
Vue, Reda,Bangs, TX,(133) 254-5183
Rosado, Raguel,Spread Eagle, WI,(584) 808-3401
Huber, See,Diamond City, AR,(740) 482-6269
Bain, Kaylee,Love, AZ,(242) 863-1412
Wallis, Consuela,Burnt Mills Hill, MD,(533) 517-1347
Bustamante, Tina,Buck Knob, AR,(293) 202-5404
Weller, Anglea,Gaylord, TX,(173) 750-2085
Peebles, Catharine,Constellation, AZ,(884) 396-3256
Covington, Tianna,Allah, AZ,(047) 888-3304
Deanda, Deloris,Blue Mound, KS,(878) 015-0139
Angel, Yadira,Avon, AR,(196) 361-7184
Parrott, Dominique,Gaylord, KS,(239) 730-0676
Pagano, Scottie,New Discovery, IN,(696) 841-5899
Taber, Hubert,Sheds, NY,(309) 432-6092
Dykes, Cathern,Loco, OK,(537) 227-0542
Roe, Stormy,Nimrod, AR,(717) 853-6079
Lindstrom, Shavon,Battle Creek, MI,(639) 501-6728
Raines, Freeda,Paradise, AZ,(556) 271-3532
Otto, Cathie,Surprise, AZ,(288) 595-1818
Matheny, Jesusa,Chugwater, WY,(622) 535-4882
Winkler, Ariel,Lava, NM,(225) 887-6260
Levi, Celesta,Blue Goose, TN,(628) 909-8158
Mccutcheon, Val,Athol, WY,(909) 619-0520
Mulcahy, Fredric,Yellow Water, FL,(539) 911-8760
Ferro, Normand,Spies, NC,(568) 744-6202
Clouse, Klara,Paradise, PA,(426) 509-4522
Deaton, Gabriele,Gaysport, PA,(834) 114-9830
Mccarthy, Temple,Burnt Factory, VA,(284) 353-9302
Henderson, Yuki,Buzzard's Bay, MA,(356) 842-0061
Guillory, Hannah,Big Flat, AR,(969) 843-9589
Laird, Bonnie,Smile, KY,(223) 226-9790
Perea, Refugia,Chloride, AZ,(143) 841-5310
Pease, Kendall,Blackman, AL,(545) 575-4552
Louis, Allen,Sandwich, MA,(397) 711-6332
Rutledge, Salina,Square Butt, MT,(227) 173-6976
Sorrell, Margart,Pronto, NE,(973) 505-6472
Doolittle, Jamika,Welcome, SC,(952) 014-0937
Salisbury, Wilda,Faceville, GA,(357) 431-0602
Rawls, Nakia,Leakesville, MS,(375) 730-3410
Starnes, Norah,Java, VA,(567) 014-7274
Shannon, Alva,Neon, KY,(878) 702-2974
Slone, Rick,Happys Inn, MT,(993) 323-8164
Alexander, Ted,Flippen, GA,(281) 113-6166
Rountree, Oswaldo,Scissors, TX,(183) 677-1729
Mazur, Ronny,Climax, CO,(984) 051-9637
Ervin, Mindi,Talent, OR,(401) 206-4366
Anderson, Ulrike,Beaverville, IL,(340) 644-0089
Rowan, Lauryn,Gassaway, TN,(572) 774-2431
Biggs, Avelina,Cockrum, MS,(750) 667-6037
Burleson, Enda,Porcupine, SD,(838) 359-1563
Tuttle, Hassie,Monkey Run, MO,(842) 183-2263
Timmerman, Valene,Pleasantville, NY,(115) 737-5542
Small, Granville,Lame Deer, MT,(918) 096-1134
Daugherty, Sherrie,Boring, MD,(281) 280-8183
Begley, Clarisa,Shivwits, UT,(647) 027-3652
Henriquez, Nakisha,Zaza, ID,(251) 687-4702
Jaeger, Samatha,Mianus, CT,(366) 710-4695
Ledford, Michell,Soda Butte, WY,(787) 287-2670
Poole, Tari,Ninety Six, SC,(097) 279-4335
Ingle, Synthia,Cuttyhunk, MA,(103) 778-6362
Bruno, Scarlet,Vergennes, IL,(875) 871-4627
Bard, Svetlana,Opportunity, MT,(208) 730-3745
Fulcher, Leatha,Coke, TX,(449) 520-0190
Ahn, Lavonda,Looneyville, TX,(836) 776-1341
Frame, Melvin,Antlers, OK,(596) 082-4128
Leger, Mia,Unicorn, MD,(352) 716-3988
Mcnair, Georgie,Dean(w00t!), IA,(220) 351-9758
Wynne, Digna,Eutaw, AL,(444) 057-0979
Hutcheson, Lisandra,Overlook, AL,(195) 510-5720
Hoffman, Bernardina,Cool, CA,(301) 875-6294
Olivarez, Leslee,Winterville, SC,(779) 061-1475
Soares, Eric,Ware, MA,(520) 880-4319
Reid, Karla,Twin Buttes, NM,(938) 579-7243
Escamilla, Damon,Peapack-Gladstone, NJ,(535) 935-2695
Crabtree, Karena,Omps, WV,(588) 393-5734
Betancourt, Madonna,Butts Corner, NY,(061) 794-7788
Clark, Scarlett,Hogeye, TX,(731) 415-0419
Mazza, Janelle,Tallapoosa, GA,(785) 673-1836
Clayton, Kenton,Beaver, PA,(444) 234-6771
Andrews, Mathilda,Last Chance, CO,(282) 060-6855
Hayes, Valeria,Glasscock County, TX,(802) 787-3095
Appel, Bonny,Humpy Creek, AK,(247) 002-3287
Archer, Trudy,Roachtown, IL,(422) 870-8228
Horvath, Jeanne,Wahoo, WV,(446) 381-0223
Leyva, Tova,Bad Axe, MI,(351) 048-0610
Laporte, Lester,Bugscuffle, TN,(026) 996-7068
Landeros, Susie,Zip City, AL,(272) 716-8111
Bernard, Jayna,Angel, OH,(990) 907-9617
Marquis, Clorinda,Bumpass, VA,(360) 053-7697
Echevarria, Rosemary,Bowbells, ND,(215) 947-1195
Crum, Kim,Yreka, CA,(973) 611-7051
Friday, Bebe,Mashpee, MA,(119) 784-9166
Ling, Anh,Dickey, ME,(830) 630-0404
Hilliard, Zita,Big Bow, KS,(895) 263-6256
Valerio, Margeret,False River, LA,(703) 021-8980
Choi, Mavis,The X, MA,(993) 456-6285
Leach, Devin,Coinjock, NC,(637) 250-4080
Neill, Son,Mountain Fork, AR,(664) 014-3148
Mccarthy, Trey,Zipperlandville, TX,(452) 300-7096
Himes, Miyoko,Marrowbone, TN,(858) 021-7618
Paez, Vasiliki,Tobacco, KY,(431) 691-8293
Colon, Ellamae,Doon, IA,(901) 678-0762
Whitlow, Martina,Nowthen, MN,(689) 427-8529
Dowdy, Nisha,Sweet Home, OR,(742) 558-1080
Butler, Vernie,Hoodoo, TN,(552) 865-4330
Breen, Nova,Beaverville, NJ,(130) 206-0481
Lawless, Rex,Deep Tunnel, NM,(304) 063-8118
Fusco, Maribel,Napoleonville, LA,(296) 506-3758
Harrison, Columbus,Pittsfield, MA,(427) 251-3750
Oldham, Tula,Oral, SD,(908) 306-5210
Joseph, Shara,Burning Bush, GA,(879) 935-3137
Chamberlin, Irmgard,Piercetown, AR,(582) 213-9887
Han, Cherise,Rolling Fork, MS,(996) 698-8898
Sifuentes, Enriqueta,Danzig, ND,(132) 986-8053
Sweet, Michelina,Tuckahoe, NY,(535) 965-5871
Boggs, Juan,Queen, NM,(840) 775-1433
Selby, Iliana,Virgin, UT,(248) 286-9284
Fagan, Sonny,Loose Creek, MO,(192) 230-2950
Cope, Anita,Crow, MS,(890) 811-6283
Pride, Madonna,Battles, MS,(273) 975-6011
Sneed, Sarita,Riceville, IA,(785) 149-9415
Bagley, Patty,Horseheads, NY,(785) 006-7262
Knowles, Ladonna,Battiest, OK,(853) 120-9756
Vernon, Dena,Farewell, AR,(783) 827-7728
Rendon, Kaye,Early, FL,(820) 802-3421
Hammett, Ladonna,Stinking Creek, TN,(025) 495-0487
Hylton, Bianca,Walet, LA,(125) 043-5278
Best, Monique,Riceville, TN,(891) 228-1598
Benitez, Rosalba,Helemt, VA,(052) 998-5850
Galvin, Chung,Tree of Knowledge Corner, MA,(636) 130-7381
Saylor, Jude,Falmouth, FL,(544) 575-6230
Lazo, Chanel,Cat Elbow Corner, NY,(770) 710-0261
Kaplan, Louella,Battleview, ND,(201) 252-4398
Hartwell, Miriam,Hellier, KY,(532) 299-3887
Headley, Tam,Upper Pig Pen, NC,(562) 717-0739
Fleming, Ingrid,Horny Head Creek, TN,(659) 364-0189
Dodson, Suzy,Goby, VA,(356) 687-9941
Ashby, Ethel,Fort Lonesome, FL,(390) 097-3071
Barnette, Lashell,Krypton, KY,(832) 767-6112
Rosado, Genevie,Gaylord, MN,(418) 270-3428
Jamison, Regena,New Limerick, ME,(235) 422-3363
Fain, Sona,Twig, MN,(930) 523-1104
Crouch, Deane,The Rocks, KY,(403) 284-6655
Clough, Vivian,Teaticket, MA,(587) 650-0565
Schaeffer, Dina,Hazard, NE,(036) 194-1095
Charles, Daron,Koosharem, UT,(319) 419-7662
Lovato, Georgetta,Nevada (NV), NE,(585) 652-7686
Falcon, Neta,Morning Star, AR,(267) 094-0237
Herzog, Trent,Egg Harbor, NJ,(863) 412-9720
Villa, Kerry,Killen, AL,(281) 817-2785
Bolt, Cathey,Dutch John, UT,(976) 652-9743
Soriano, Merri,Divide, MT,(029) 454-3239
Lindsay, Ericka,Yocumtown, PA,(794) 604-7458
Mast, Cornelia,Reamstown, PA,(391) 234-4870
Aiello, Gerardo,Pahrump, NE,(583) 135-8348
Brock, Eugene,Cox Corner, MA,(580) 762-5729
Judy, Barrie,Long Bottom, OH,(473) 206-1475
Penny, Chi,Eden, WI,(541) 712-2308
Hulsey, Alesia,Crater Butte, CA,(313) 386-8614
Benjamin, Detra,Goodnight, TX,(882) 078-5950
Pinto, Rico,Defiance, OH,(453) 893-4802
Roque, Eusebia,Catfish Paradise, AZ,(376) 186-8469
Knott, Frankie,Muleshoe, TX,(221) 494-2882
Covey, Clyde,Searchlight, NE,(378) 711-9366
Robledo, Armida,Bratt, FL,(895) 902-7235
Mitchell, Terri,Asylum, PA,(842) 670-9291
Campbell, Roxana,Knob Noster, MO,(756) 490-8637
Ramirez, Martina,Defiance, NM,(165) 885-4737
Weinberg, Suzan,Hurricane, AL,(503) 375-4051
Gaskin, Lucretia,Andover, IL,(155) 120-7746
Redding, Christina,Loving, OK,(973) 144-6950
Fortune, Johnsie,Kokomo, IN,(532) 806-7241
Zapata, Tommy,Toxaway, SC,(869) 141-3847
Purvis, Kelle,Loves Park, IL,(440) 525-4117
Mcleod, Elinore,Burnt Tree, VA,(257) 000-1331
Mccray, Sharla,Black Jack, KY,(258) 918-9628
Broadway, Hortense,Horseshoe Bend, AR,(698) 989-5868
Enos, Marylee,Lovelady, TX,(013) 804-8805
Skelton, Marcell,Dumfries, VA,(802) 148-2575
Hoyle, Aron,Lizard Lick, NC,(656) 759-5643
Herman, Ivana,What Cheer, IA,(208) 779-0655
Brownell, Danilo,Sac City, IA,(323) 544-2272
Montiel, Robena,Echo, MN,(465) 148-8957
Araujo, Nida,Sugar Land, TX,(731) 052-1883
Nix, Mellissa,Blondy, TN,(402) 340-1333
Mccann, Katerine,Paint Lick, KY,(216) 416-0436
Lathrop, Rikki,Shamokin, PA,(023) 424-9248
Cavanaugh, Andera,Cowpens, SC,(958) 262-6922
Spalding, Dennis,Normandy Beach, NJ,(476) 742-7261
Schmid, Celsa,Burning Fork, KY,(918) 683-5508
Horst, Hsiu,Embarrass, WI,(380) 094-1110
Quigley, Inell,Birdeye, AR,(335) 881-9531
Caswell, Ula,Barnstable, MA,(022) 924-7520
Croft, Zoe,Aho, NC,(257) 229-4067
Larose, Jeffrey,Bee Cave, TX,(320) 116-4553
Himes, Tamra,Waterproof, LA,(727) 733-1529
Weiler, Jess,Eagle Butte, SD,(903) 677-7993
Vandyke, Robt,Zook, KS,(075) 393-2406
Baez, Corrina,Locust Grove, OK,(650) 533-8126
Traylor, Debi,Red Boiling Springs, TN,(585) 620-1672
Payton, Sara,White Settlement, TX,(407) 118-1450
Ware, Maryln,Blackman, FL,(344) 406-6323
Mayberry, Nellie,Sweet Lips, TN,(157) 226-7062
Jankowski, Shawnee,Needmore, TX,(644) 526-0893
Rinehart, Nadia,Mineral King, CA,(420) 930-1090
Mcbee, Lorette,Buttzville, ND,(584) 444-1947
Erdman, Ngan,Echo, UT,(816) 926-1891
Serrato, Jules,Fossil, OR,(620) 929-2906
Aguirre, Akiko,Satans Kingdom, RI,(769) 267-4383
Wentz, Reynalda,Blowing Rock, NC,(022) 301-0734
Stein, Kari,Drain, OR,(606) 290-4052
High, Jerold,Manns Spur, FL,(978) 448-0186
Knutson, Mignon,Assumption, MN,(933) 040-0548
Mccormack, Larissa,Homochitto, MS,(359) 552-3415
Kennedy, Erik,Burnt Cabins, PA,(158) 842-5836
Andres, Tula,Ten Sleep, WY,(079) 350-8310
Gagne, Branda,Bromide, OK,(619) 416-0417
Nagle, Kortney,Forks, WA,(627) 970-2785
Miramontes, Marion,Spider, KY,(798) 505-8693
Hackney, Joaquin,Head of the Grassy, KY,(608) 461-8976
Silverman, Britt,Wanker's Corner, OR,(508) 649-7147
Fiore, Diann,Flintstone, GA,(459) 535-0373
Bartley, Lahoma,Hurricane Grove, AR,(533) 106-5884
Thorn, Neil,Paisley, OR,(236) 954-1513
Kay, Gail,Tigertown, TX,(115) 511-6127
Rosenbaum, Ardith,Furry, MS,(527) 797-8721
Mcneal, Daphine,Due West, SC,(760) 729-1949
Seifert, Chi,Medical Lake, WA,(284) 501-9023
Hendrickson, Seema,Friendship, AR,(304) 606-3558
Freed, Dominick,Hardmoney, KY,(926) 833-6371
Montano, Katie,Weird Lake, MN,(292) 044-0516
Chadwick, Darius,Wimp, CA,(369) 092-9742
Gooch, Collene,Cullowhee, NC,(910) 111-0403
Feliciano, Karan,Cucumber, WV,(713) 811-9249
Cordero, Shelby,Imalone, WI,(857) 748-3645
Provost, Forrest,Othello, NC,(479) 264-3203
Sherwood, Ofelia,Pinch, WV,(106) 676-5883
Goble, Justa,Non, OK,(414) 509-8933
Carvalho, Kami,Sicklerville, NJ,(944) 542-9306
Pyles, Ulysses,Rice City, RI,(091) 601-1094
Crews, Shani,Sweetser, IN,(608) 033-7975
Cecil, Delfina,Euren, WI,(217) 890-9041
Marquis, Gertha,Jugville, KY,(085) 332-9251
Mcewen, Danica,Beaver Bay, MN,(664) 362-7185
Byron, Fleta,Grand Saline, TX,(862) 612-5951
Henson, Dollie,Intercourse, AL,(666) 053-7561
Daigle, Indira,Flower Mound, TX,(431) 746-7250
Himes, Troy,Paradise Crossing, PA,(914) 788-3673
Wilkinson, Leena,Hopeulikit, GA,(766) 895-4052
Shank, Jeffie,Superior, WI,(085) 839-4694
Vaughn, Lahoma,Oil Trough, AR,(517) 478-4460
Atwell, Dagny,Creole, LA,(074) 480-3296
Fair, Maranda,Loving, KY,(404) 743-6435
Hanlon, Maura,Locust, NC,(326) 725-3288
Resendez, Noah,Ozone, TN,(977) 620-4375
Kruse, Lara,Popple, MI,(271) 910-6870
Keyes, Michael,Noonday, TX,(715) 575-4283
Speed, Moriah,Dynamite, WA,(618) 408-0891
Looney, Nydia,King Arthur Court, TN,(463) 720-4408
Dykes, Markita,Boring, TN,(710) 557-6630
Stanley, Stefani,Hateful Hill, VT,(617) 784-5371
Waterman, Minta,Slapneck, MI,(245) 489-1158
Canty, Selma,Tranquility, NJ,(076) 798-2736
Mcneil, Denna,Camelot, TN,(917) 467-6491
Britt, Carolann,Blowtown, PA,(606) 569-6121
Blanton, Joshua,Riceville, KY,(239) 897-6255
Sanches, Gavin,Sodaville, OR,(680) 451-0311
Foster, Justin,Mesick, MI,(069) 503-9099
Garman, Victor,Dunmovin, CA,(191) 845-5682
Kidder, Kathryne,Little Heaven, DE,(774) 764-2927
Seaton, Candyce,Nankipoo, TN,(925) 915-1205
Christianson, Andra,Loveland, IA,(733) 374-4981
Nye, Danyelle,Long, OK,(658) 895-0268
Hayward, Cortez,Hippo, KY,(934) 488-2479
Good, Vida,Nelson, MN,(809) 074-8540
Leung, Milly,Onset, MA,(034) 623-7422
Shannon, Deedee,Salt Lick, TN,(258) 030-6003
Holman, Lawanna,Blue Bell, PA,(612) 954-4114
Armour, Benito,Money, MS,(447) 548-9697
Shaffer, Ladonna,Pink, OK,(638) 390-8584
Bunch, Shenika,Fillmore, UT,(737) 740-6260
Olmos, Edmond,Swamproot, PA,(143) 827-8355
Berkowitz, May,Happy Valley, TN,(006) 793-0159
Crenshaw, Elisha,Fryburg, ND,(165) 543-5913
Cervantes, Deedra,Nutt, NM,(293) 484-0524
Clement, Coleen,American Fork, UT,(200) 105-0382
Jamieson, Daniell,Chloride, NM,(924) 100-4978
Custer, Librada,Frog Level, VA,(236) 636-1095
Austin, Jolanda,Happy Camp, CA,(348) 423-8382
Toledo, Candance,Sneedville, TN,(206) 970-7861
Charles, Dion,Offer, MT,(458) 903-4174
Ahern, Arline,Lawyers, VA,(817) 630-0694
Quinn, Keneth,Arcade, CA,(639) 038-9398
Romero, Alpha,Kill Buck, NY,(161) 812-0600
Sayers, Tiffiny,Bowring, OK,(288) 562-1303
Guthrie, Sharla,Ashville, PA,(922) 066-2816
Holt, Guadalupe,Mazda, ND,(497) 662-5200
Ulloa, Glendora,Tightsqueeze, VA,(679) 001-5084
Speer, Kayleen,Transfer, PA,(913) 692-6047
Petrie, Frankie,Coffee, GA,(082) 675-0362
Ries, Steven,Greenacres, CA,(240) 797-7394
Silver, Georgene,Beaverlick, KY,(697) 892-8856
Mcneill, Jordan,Angels Camp, CA,(579) 109-2086
Herrin, Orpha,Guy, IN,(060) 299-0462
Wheaton, Almeta,Corpse Pond, MI,(531) 426-3038
Pope, Rona,Flat, AK,(793) 990-3002
Kiefer, Della,Blue Ball, PA,(876) 264-7540
Dinh, Bryant,Gays Creek, KY,(896) 175-2783
Robinson, Ciera,Defiance, KY,(766) 097-2766
Mcmillan, Wilber,Saline, LA,(365) 914-9022
Meister, Ricky,Pillow, PA,(734) 661-7009
Turk, Janiece,Fort Dix, NJ,(232) 528-4701
Bridges, Huong,Dogie Mountain, TX,(320) 446-9443
Martel, Theo,Pine Stump Junction, MI,(174) 257-1344
Ammons, Olene,Cyclone, WY,(710) 963-7535
Sinclair, Elden,The Forks, ME,(727) 457-7276
Clement, Shavonda,Athol, ID,(880) 198-5511
Bello, Olen,Funny Butte, OR,(038) 581-6528
Carrera, Vertie,Pardeeville, WI,(285) 777-5747
Schofield, Wilbur,Lesbia, NM,(127) 252-9661
Vogt, Sacha,Love, IL,(696) 450-0600
Mcfadden, Jazmin,Romance, WV,(731) 308-5044
Zapata,Hero,Nirvana, MI,(431) 567-3986
Lum, Brittanie,Burnt Corn, AL,(969) 288-5736
Counts, Tracy,Neutral, KS,(883) 022-1873
Poore, Leta,Pall Mall, TN,(494) 012-3190
Vargas, Elene,Polar, WI,(517) 901-7987
Souza, Letha,Spray, OR,(480) 077-1231
Sigler, Aletha,Gayhead, NY,(919) 887-2276
Conroy, Rose,Puyallup, WA,(891) 450-4083
Morrell, Caprice,Line Store, AR,(790) 222-2141
Snow, Fermina,Big Ugly Creek, WV,(849) 979-9066
Royster, Toi,Toquerville, UT,(374) 437-2118
Worthington, Almeda,Peanut, CA,(606) 634-3187
Maki, Danae,Dinwiddie, VA,(913) 586-7669
Odom, Judy,Conception, MO,(778) 000-8391
Fitzsimmons, Vinita,Seman, AL,(383) 661-1465
Albert, Wenona,Bend, OR,(217) 492-4692
Troyer, Kaci,Fairplay, WV,(458) 592-5267
Amin, Judy,Skullbone, TN,(635) 410-3667
Morrissey, Katrice,Los Gatos, CA,(146) 337-8159
Wilcox, Haywood,Short, TX,(320) 474-5019
Perdomo, Deloras,Belcher, LA,(525) 277-1577
Beaver, Julie,Nags Head, NC,(954) 778-6174
Swenson, Jacqueline,State College, PA,(926) 386-1387
Hundley, Signe,Peel, AR,(966) 026-6541
Greenberg, Maida,Kermit, TX,(421) 250-9679
Louie, Sherlyn,Convent Station, NJ,(284) 196-7420
Kuehn, Robin,Chimney Rock, NC,(411) 327-2565
Paine, Vernita,Eureka, LA,(552) 198-0073
Barbee, Latesha,Fluffy Landing, FL,(915) 981-0629
Hampton, Mignon,High Head, ME,(927) 488-6274
Vieira, Kathrin,Walnut, CA,(932) 549-2120
Bourgeois, Jana,Wahoo, TN,(206) 574-8409
Pounds, Dennis,Rabbit Hask, KY,(511) 314-0247
Layman, Wilbert,Matlock, IA,(849) 609-0286
Rickard, Omer,Cocked Hat, DE,(564) 656-1190
Fulcher, Tamiko,Hell Hollow, NH,(097) 299-9366
Mott, Terra,Gold City, KY,(927) 077-7335
Delossantos, Racheal,Institute, NC,(163) 171-4637
Vitale, Melda,Ginseng, KY,(539) 115-2687
Alicea, Rebekah,Pittsville, WI,(493) 826-8180
Acuna, Fran,Coolville, OH,(559) 744-0276
Novak, Phillis,Red House, WV,(704) 553-4348
Appel, Joana,Ball Ground, GA,(099) 596-6125
Romeo, Rolande,Bug Tussle, OK,(779) 083-9904
Toomey, Estela,Hercules, CA,(677) 880-5418
Lake, Joann,Lick Creek, TN,(308) 187-9993
Ivey, Jean,Sessions, MS,(455) 637-1106
Shah, Christen,Chunky, MS,(901) 269-9195
Thorn, Florencio,Hitchcock, TX,(117) 344-1497
Reedy, Sherill,Flattop, WV,(113) 911-9386
Jacques, Mana,Pidcoke, TX,(675) 827-2378
Conn, Izetta,Yankton, SD,(522) 502-0703
Estrada, Anibal,Hacker Lick Run, WV,(210) 367-2784
Clapp, Belia,Cyclone, KY,(786) 040-8177
Echeverria, Yuko,Nimrod, MN,(902) 693-1158
Rivers, Judson,Short, MS,(677) 043-7353
Choe, Alex,Gassaway, WV,(058) 484-7445
Sturm, Elly,Dry Devil's River, TX,(715) 977-5922
Messina, Pamila,Burnt Cane Crossing, AR,(613) 728-2166
Grubbs, Mariano,Badwater, CA,(276) 717-9591
Mccracken, Coral,Big Fork, AR,(389) 058-7478
Angeles, Doretta,Forked Deer, TN,(839) 142-8039
Boswell, Xiao,Paradise, CA,(328) 995-6427
Hyland, Clare,Deadman's Corner, ME,(223) 069-6925
Bills, Jody,Little City, OK,(624) 732-2317
Jenkins, Becki,Burnt Woods, OR,(229) 273-7927
Brockman, Lorine,Monkstown, TX,(299) 537-2918
Ralston, Val,Hell For Certain, KY,(689) 505-8180
Tanaka, Alan,Medicine Park, OK,(514) 318-8987
Haggerty, Hisako,Lower Pig Pen, NC,(888) 884-5392
Lott, Lettie,Eureka, IL,(197) 436-5012
Schofield, Lakesha,Forks of Salmon, CA,(987) 315-2894
Steward, Halley,Dead Woman Crossing, WY,(034) 747-7160
Pence, Lisabeth,Butztown, PA,(772) 094-4155
Free, Jay,Challenge, CA,(726) 099-7476
Jeffries, Bobbye,Copperopolis, CA,(523) 314-6847
Savage, Earlene,Cummaquid, MA,(957) 400-5505
Noriega, Shanon,Ghoul Creek, WA,(370) 343-6811
Carlisle, Debi,Box, OK,(137) 396-1884
Stull, Marry,Normal, IL,(350) 479-1412
Lear, Kristen,Kill Devil Hills, NC,(950) 621-2457
Etheridge, Richelle,Three Brothers, AR,(368) 693-3965
Schwarz, Markita,Soap Lake, WA,(631) 255-7010
Calhoun, Magda,Santa Claus, AZ,(803) 164-4374
Wilde, Meg,Buttzville, NJ,(852) 512-2391
Mcmahan, Isabell,Locust Grove, GA,(338) 687-6024
Fugate, Birdie,Goose Creek, KY,(150) 380-7554
Schmid, Lacie,Okay, OK,(379) 815-9579
Freedman, Deanna,Ding Dong, TX,(158) 696-7137
Burnette, Violette,Brightwood, OR,(341) 236-7731
Fahey, Kris,Young America, MN,(031) 218-2472
Dees, Brandon,Unalaska, AK,(130) 878-6824
Herbst, Emmie,Cooter, MO,(078) 496-6454
Fullerton, Horacio,Mechanicsburg, IN,(363) 733-4398
Mccormick, Ilda,Only, TN,(965) 619-6971
Lash, Alphonso,Index, WA,(277) 689-6177
Geary, Brandon,Frog Jump, TN,(835) 726-4105
Mata, Ena,Linkville, MI,(648) 449-3394
Costello, Kena,Doolittle, MO,(748) 406-6726
Toth, Angel,Beaver, OK,(048) 836-2328
Green, Carlie,Cut Off, LA,(615) 456-1248
Hedges, Emogene,Salado, AZ,(640) 840-0277
Nicholas, Aretha,Climax, GA,(652) 918-3294
Wolford, Verla,Moosehead, ME,(861) 980-2155
Westfall, Keisha,Slippery Rock, PA,(501) 504-1804
Swain, Wyatt,Dinwiddle, IN,(711) 451-3391
Schulze, Chi,Bald Head, ME,(935) 073-0490
Hoff, Goldie,Heckville, TX,(854) 084-3231
Burkholder, Tora,Sapphire, SC,(801) 802-3996
Morrow, Na,Cut and Shoot, TX,(241) 406-0242
Streeter, Mariana,Santa Claus, GA,(050) 248-0606
Barrett, Pam,Pope Crossing, NC,(782) 966-2058
Bonds, Dane,Christmas, MI,(616) 840-2984
Carbone, Micah,Opp, AL,(140) 724-4723
Jorgenson, Melida,Centerville, LA,(710) 253-0707
Weber, Aleta,Mooseup Valley, RI,(060) 892-3424
Rincon, Sammy,Lookout, IN,(380) 262-7871
Hanlon, Echo,Mormon Bar, CA,(467) 568-3909
Hart, Margarett,Yeehaw, FL,(871) 793-9080
Carmona, Pablo,Millsap, TX,(431) 947-2628
Gatewood, Casey,Burning Springs, KY,(410) 470-6329
Purnell, Cherry,Curtain, OR,(829) 685-1150
Pickard, Reena,Gore, VA,(434) 097-7851
Emmons, Jutta,Snowball, AR,(151) 045-3190
Llamas, Gilberto,Locust, KY,(177) 759-4512
Caswell, Earlie,Big Point, MS,(524) 391-6893
Valladares, Florentino,Hancock, WV,(658) 187-4181
Sutherland, Rosia,Fertility, PA,(642) 615-4155
Morey, Betty,Long Neck Village, DE,(388) 435-1403
Diamond, Mathilda,Vader, WA,(260) 054-8397
Alarcon, Cameron,Odd, WV,(846) 357-5253
Stclair, Stephen,Paw Paw, WV,(797) 977-2679
Hirsch, Allison,Hicks, KY,(504) 969-2080
Reitz, Mark,Personville, TX,(796) 670-4521
Temple, Tory,Assinippi, MA,(608) 010-8613
Michel, Humberto,Meat Camp, NC,(265) 249-0921
Proctor, Britteny,Fingerville, SC,(078) 281-6940
Collins, Herlinda,Dickeyville, WI,(197) 287-6382
Armijo, Dee,Walla Walla, WA,(375) 927-8448
Pagan, Mickey,Pound, WI,(891) 649-0288
Dickson, Stewart,Cherry, MN,(014) 570-4962
Tabor, Kacey,Sunnyside, WA,(096) 624-8025
Francois, Karena,Liars Corner, OH,(239) 758-8438
Vera, Melany,Fugit, KY,(137) 601-8963
Schumann, Anton,Pottsville, KY,(921) 214-4708
Elder, Ozie,Sixes, OR,(363) 522-0757
Alves, Neva,Eureka, NE,(262) 778-5427
Pace, Kasandra,Old Town, IA,(237) 225-2941
Coffey, Edward,Bonair, IA,(283) 162-2912
Foltz, Amiee,Sulphur, LA,(957) 982-0052
Dye, Nestor,Toast, NC,(439) 027-0699
Villasenor, Keri,Shafter, NE,(909) 454-7239
Glaze, Randi,Institute, WI,(081) 913-3844
Sharkey, Gustavo,Askew, MS,(408) 847-1293
Keel, Nu,Friend, KS,(868) 505-8703
Lockwood, Lyn,Weiner, AR,(156) 297-4752
Liu, Karin,Nitro, WV,(574) 816-9240
Webster, Jame,Pie Town, NM,(664) 479-3379
Glass, Ulrike,Neversink, NY,(331) 653-1802
Kyle, Gene,Little Turkey, IA,(659) 230-7743
Gleason, Nita,Mound City, KS,(797) 876-7868
Lytle, Cecelia,Hell Hole Swamp, SC,(679) 480-5723
Felton, Susannah,Gayville, NY,(586) 414-4572
